{
  "project_info": {
    "project_number": "213835896673",
    "firebase_url": "https://doan20192-33247.firebaseio.com",
    "project_id": "doan20192-33247",
    "storage_bucket": "doan20192-33247.appspot.com"
  },
  "client": [
    {
      "client_info": {
        "mobilesdk_app_id": "1:213835896673:android:d9d61651df01a7db0a5720",
        "android_client_info": {
          "package_name": "com.hang.doan.readbooks"
        }
      },
      "oauth_client": [
        {
          "client_id": "213835896673-r70u9h0ulmgqluat8i64lcv49d5lvd06.apps.googleusercontent.com",
          "client_type": 1,
          "android_info": {
            "package_name": "com.hang.doan.readbooks",
            "certificate_hash": "6f3667bce316229c57311d73c6e07d2fa19c5b63"
          }
        },
        {
          "client_id": "213835896673-jjnok3k6f502qt44lkdp9r7ei0is9a3c.apps.googleusercontent.com",
          "client_type": 3
        }
      ],
      "api_key": [
        {
          "current_key": "AIzaSyDG15kO8MLl41JHp1N2ryRZ5vmd2P3q3A0"
        }
      ],
      "services": {
        "appinvite_service": {
          "other_platform_oauth_client": [
            {
              "client_id": "213835896673-jjnok3k6f502qt44lkdp9r7ei0is9a3c.apps.googleusercontent.com",
              "client_type": 3
            }
          ]
        }
      }
    }
  ],
  "configuration_version": "1"
}